epoch,loss_global,loss_local,loss_normal,step,train_loss,val_loss
0,,,,9,18.176716286664295,
0,,,,19,17.676016419847514,
0,,,,29,17.45831427226347,
0,,,,39,16.83184172946347,
0,,,,49,16.198409536289052,
0,,,,59,15.794509272354322,
0,,,,69,15.344054804436222,
0,,,,79,14.874361862208048,
0,,,,89,14.16378231476325,
0,,,,99,14.09507664608942,
0,,,,109,13.232967037975051,
0,2.727585792541504,4.638582138918109,5.424409866333008,112,,12.790577835939592
1,,,,119,12.777919054270342,
1,,,,129,12.83577052665795,
1,,,,139,11.884573385603456,
1,,,,149,11.943625908644945,
1,,,,159,11.939589113030785,
1,,,,169,11.164789356388868,
1,,,,179,10.719444647830588,
1,,,,189,10.73256318998571,
1,,,,199,10.585400226043,
1,,,,209,9.995423564770157,
1,,,,219,9.9864148171329,
1,1.3044551610946655,3.5931601496957852,4.41898775100708,225,,9.316603295447738
2,,,,229,9.792555315597387,
2,,,,239,9.889962450727436,
2,,,,249,9.522313759206675,
2,,,,259,9.92313675047744,
2,,,,269,8.75982066283078,
2,,,,279,9.445946138002359,
2,,,,289,8.588792641297118,
2,,,,299,8.303921095796742,
2,,,,309,8.63660808476034,
2,,,,319,7.98646555808296,
2,,,,329,8.483967136063375,
2,0.7329902648925781,3.1092527112385735,3.2383463382720947,338,,7.080589543285083
3,,,,339,7.785009600231383,
3,,,,349,8.35849589067039,
3,,,,359,7.974467970078083,
3,,,,369,7.731268684927849,
3,,,,379,8.006243306164919,
3,,,,389,8.199333945669437,
3,,,,399,7.667990016329024,
3,,,,409,7.480300290154354,
3,,,,419,7.384942934147488,
3,,,,429,7.125631321199119,
3,,,,439,7.460089041123028,
3,,,,449,7.012087412029071,
3,0.38173019886016846,2.7885238228975653,2.2428576946258545,451,,5.413111569160117
4,,,,459,7.462429509989972,
4,,,,469,7.9937447412000076,
4,,,,479,6.842287684006017,
4,,,,489,7.276404085302328,
4,,,,499,6.660937178452381,
4,,,,509,7.295063115389654,
4,,,,519,6.919611803482049,
4,,,,529,6.827535419383697,
4,,,,539,6.453933278986016,
4,,,,549,6.56061639318091,
4,,,,559,6.688003408673376,
4,0.25728288292884827,2.554510682211991,1.7151728868484497,564,,4.526966499076958
5,,,,569,6.634840637595737,
5,,,,579,6.580123559715425,
5,,,,589,6.286261006803917,
5,,,,599,6.710067115103657,
5,,,,609,6.812465620822458,
5,,,,619,6.459034474264965,
5,,,,629,6.462355995587767,
5,,,,639,6.2727421204657885,
5,,,,649,6.122205806493572,
5,,,,659,6.8161961518973415,
5,,,,669,6.287315057767205,
5,0.20439235866069794,2.2650517236449175,1.3543038368225098,677,,3.823747911975569
6,,,,679,6.904267521694825,
6,,,,689,6.352426242679448,
6,,,,699,6.237467339897453,
6,,,,709,6.078814778092896,
6,,,,719,5.920749677906218,
6,,,,729,5.838890129524323,
6,,,,739,6.596368643583036,
6,,,,749,5.7755850400873125,
6,,,,759,6.2821844684743455,
6,,,,769,5.945537482006417,
6,,,,779,6.04731343528059,
6,,,,789,6.631392183641487,
6,0.15622299909591675,2.104027201697001,1.0943570137023926,790,,3.354607248767981
7,,,,799,6.0303749088350065,
7,,,,809,6.435541920750813,
7,,,,819,5.573533670624701,
7,,,,829,5.546160052994244,
7,,,,839,5.79211470194885,
7,,,,849,5.8606712338123685,
7,,,,859,5.669710776159491,
7,,,,869,6.001355423655453,
7,,,,879,6.111642657048137,
7,,,,889,5.590753165038157,
7,,,,899,5.776882919004705,
7,0.1385076940059662,1.9943503775817617,1.0070513486862183,903,,3.139909459613012
8,,,,909,6.149907571831241,
8,,,,919,5.792499708253899,
8,,,,929,5.574165015401746,
8,,,,939,5.974624448579313,
8,,,,949,6.157602350124739,
8,,,,959,6.0919820916615155,
8,,,,969,5.597157319000868,
8,,,,979,5.781403697202217,
8,,,,989,5.281288107172445,
8,,,,999,6.036653239067677,
8,,,,1009,5.7383886210648125,
8,0.1379622220993042,1.8518951566654414,0.9567825794219971,1016,,2.9466400103408072
9,,,,1019,5.620340156598333,
9,,,,1029,5.988319188812579,
9,,,,1039,5.348872705583416,
9,,,,1049,5.415275707534223,
9,,,,1059,5.369808759250224,
9,,,,1069,5.427179716765634,
9,,,,1079,5.765626140762035,
9,,,,1089,5.53264089672976,
9,,,,1099,6.034058624768549,
9,,,,1109,5.376881271918542,
9,,,,1119,5.476993669172545,
9,,,,1129,4.5794335124076255,
9,0.11939936876296997,1.8003370886445744,0.7936829924583435,1129,,2.713419428408216
10,,,,1139,5.605176198741594,
10,,,,1149,5.377751044931338,
10,,,,1159,5.405142555995502,
10,,,,1169,5.556158125508592,
10,,,,1179,5.306270137085696,
10,,,,1189,5.052191010829073,
10,,,,1199,5.636790009571828,
10,,,,1209,5.5809089592986325,
10,,,,1219,5.37917778534055,
10,,,,1229,5.118199916956875,
10,,,,1239,5.180606990502621,
10,0.12151871621608734,1.5912238338378268,0.8389315605163574,1242,,2.551674102523644
11,,,,1249,4.837445337970143,
11,,,,1259,5.182058456281293,
11,,,,1269,5.03202296888651,
11,,,,1279,5.143793103778391,
11,,,,1289,5.027838533388945,
11,,,,1299,5.19212625695443,
11,,,,1309,4.918429024809639,
11,,,,1319,5.478345517524893,
11,,,,1329,5.228434408323158,
11,,,,1339,4.933522886959748,
11,,,,1349,5.1000619108782095,
11,0.11239157617092133,1.6129281702099088,0.7226113677024841,1355,,2.447931113487267
12,,,,1359,4.895171022898722,
12,,,,1369,5.346756809605974,
12,,,,1379,5.6636480693098425,
12,,,,1389,5.1955048147840674,
12,,,,1399,5.112161307391869,
12,,,,1409,4.693085087612532,
12,,,,1419,4.99693162439616,
12,,,,1429,5.156432316984311,
12,,,,1439,4.90244442820034,
12,,,,1449,4.048043795384596,
12,,,,1459,4.804016916270467,
12,0.10074428468942642,1.3779614615676468,0.6947263479232788,1468,,2.173432084345586
13,,,,1469,4.544533595419424,
13,,,,1479,5.309212179900234,
13,,,,1489,4.584384539413806,
13,,,,1499,4.898034816300445,
13,,,,1509,5.170506509058772,
13,,,,1519,5.062022779037271,
13,,,,1529,4.9437380086545595,
13,,,,1539,5.190921795388414,
13,,,,1549,4.790744592977106,
13,,,,1559,5.087901075443319,
13,,,,1569,4.771758605964818,
13,,,,1579,4.470035579482322,
13,0.09458281844854355,1.336995976637902,0.637164294719696,1581,,2.0687431017270703
14,,,,1589,4.642475414625437,
14,,,,1599,4.572661456796061,
14,,,,1609,5.053413444330841,
14,,,,1619,4.75200108769532,
14,,,,1629,4.751362217601905,
14,,,,1639,4.623883910054384,
14,,,,1649,4.834415331897922,
14,,,,1659,4.377991367794287,
14,,,,1669,4.467744451691282,
14,,,,1679,4.815860208865507,
14,,,,1689,4.8834480480659455,
14,0.09811197221279144,1.2058972159913073,0.5867704153060913,1694,,1.890779590695191
15,,,,1699,4.787790766537466,
15,,,,1709,4.832171748816405,
15,,,,1719,4.871235174414199,
15,,,,1729,4.9617009120248365,
15,,,,1739,4.324890964978776,
15,,,,1749,5.009816487301733,
15,,,,1759,4.621802281079097,
15,,,,1769,4.896851916937235,
15,,,,1779,4.578322078373123,
15,,,,1789,4.775083249191395,
15,,,,1799,4.363116921510427,
15,0.08826372772455215,1.0071200670762166,0.5605373978614807,1807,,1.6559211768670183
16,,,,1809,4.36139339416008,
16,,,,1819,4.579731418933778,
16,,,,1829,4.2880487788320325,
16,,,,1839,4.274483357010234,
16,,,,1849,5.035525300541384,
16,,,,1859,4.591916487264481,
16,,,,1869,4.5102722089752385,
16,,,,1879,4.544479212942652,
16,,,,1889,4.351207141170924,
16,,,,1899,5.010028142100568,
16,,,,1909,4.814383210340482,
16,,,,1919,4.601864347547188,
16,0.09095174074172974,1.0530088981740056,0.5582916736602783,1920,,1.7022523203246174
17,,,,1929,4.645427928888764,
17,,,,1939,4.5737504239037925,
17,,,,1949,5.07413066164488,
17,,,,1959,4.404530823750063,
17,,,,1969,4.384746957992723,
17,,,,1979,4.55160577251594,
17,,,,1989,4.537442983831832,
17,,,,1999,4.489074515013489,
17,,,,2009,4.457237591466347,
17,,,,2019,5.002949474003723,
17,,,,2029,4.142808256440102,
17,0.08011679351329803,0.927086276777135,0.49766239523887634,2033,,1.50486548221861
18,,,,2039,4.675674799648854,
18,,,,2049,4.671298610639693,
18,,,,2059,4.328097056884289,
18,,,,2069,4.419184820090653,
18,,,,2079,4.689625858886543,
18,,,,2089,4.4033879604810915,
18,,,,2099,4.35000163720701,
18,,,,2109,4.634494348070161,
18,,,,2119,4.417949411400176,
18,,,,2129,4.2649312394217604,
18,,,,2139,4.2760410538880445,
18,0.07488302886486053,0.7669727680223553,0.45860832929611206,2146,,1.3004641309516993
19,,,,2149,4.386545478268601,
19,,,,2159,3.879872673711832,
19,,,,2169,4.520635263835563,
19,,,,2179,4.318162346481966,
19,,,,2189,4.488800955523284,
19,,,,2199,4.153435852945926,
19,,,,2209,4.3620108169807486,
19,,,,2219,4.091839660112615,
19,,,,2229,4.077273465497219,
19,,,,2239,4.706025539577766,
19,,,,2249,3.9772065672356955,
19,,,,2259,3.6450551473855293,
19,0.08364252001047134,0.7805102366198673,0.5127622485160828,2259,,1.3769150000800265
20,,,,2269,4.428068187907888,
20,,,,2279,4.133526161496822,
20,,,,2289,4.145500091981291,
20,,,,2299,4.746007030281037,
20,,,,2309,4.544699722728494,
20,,,,2319,4.209971980340194,
20,,,,2329,4.210260548313218,
20,,,,2339,4.224089645095239,
20,,,,2349,4.296118129677305,
20,,,,2359,4.001865813073824,
20,,,,2369,4.321249658392118,
20,0.08545602113008499,0.698146493550202,0.5009535551071167,2372,,1.2845561216434445
21,,,,2379,4.148126384656015,
21,,,,2389,4.10327468849386,
21,,,,2399,4.19676645182863,
21,,,,2409,4.168779419800088,
21,,,,2419,4.103336462869052,
21,,,,2429,4.12317637669945,
21,,,,2439,4.470976131373733,
21,,,,2449,3.9974992609800304,
21,,,,2459,4.192556811011933,
21,,,,2469,4.302259307940666,
21,,,,2479,4.144529717387132,
21,0.07932151108980179,0.6498195231938433,0.4580497443675995,2485,,1.1871907646441533
22,,,,2489,3.713337003131753,
22,,,,2499,4.105544907392537,
22,,,,2509,4.2066836741293345,
22,,,,2519,4.2564792537547165,
22,,,,2529,3.744813650973401,
22,,,,2539,4.294908539965339,
22,,,,2549,4.227423501124305,
22,,,,2559,4.106564414685368,
22,,,,2569,3.935013591741808,
22,,,,2579,3.98230883025561,
22,,,,2589,4.287788939388288,
22,0.07541119307279587,0.6008207065245788,0.43389227986335754,2598,,1.110124219842879
23,,,,2599,4.314674034699741,
23,,,,2609,3.916245318206915,
23,,,,2619,4.3307987254980445,
23,,,,2629,4.080297008329082,
23,,,,2639,4.345671108874839,
23,,,,2649,4.61235137271315,
23,,,,2659,4.277579770475892,
23,,,,2669,4.130622419887357,
23,,,,2679,4.211961479025706,
23,,,,2689,4.210759011374657,
23,,,,2699,3.9974258705526715,
23,,,,2709,4.138997526897788,
23,0.06843310594558716,0.6005368190376142,0.4265877604484558,2711,,1.095557723876653
24,,,,2719,4.059685635725258,
24,,,,2729,3.9024737732175616,
24,,,,2739,3.7208994133718605,
24,,,,2749,3.8994435024323395,
24,,,,2759,4.159170196783171,
24,,,,2769,4.568486489465319,
24,,,,2779,3.9491939487715473,
24,,,,2789,3.9446132716091413,
24,,,,2799,4.001468963334694,
24,,,,2809,4.1962057889895545,
24,,,,2819,4.183143070239101,
24,0.06284362077713013,0.5210981858451558,0.36671337485313416,2824,,0.9506551586766434
25,,,,2829,4.14789564820421,
25,,,,2839,4.212910698148825,
25,,,,2849,3.875763365834587,
25,,,,2859,3.6849637477000714,
25,,,,2869,3.8795147822304767,
25,,,,2879,3.7813249253756407,
25,,,,2889,3.999379617759675,
25,,,,2899,4.3246109578065735,
25,,,,2909,3.993813476981054,
25,,,,2919,4.296804753792762,
25,,,,2929,3.8643592729383776,
25,0.05897040665149689,0.4295726208151705,0.37252703309059143,2937,,0.8610700514675504
26,,,,2939,3.908223059709473,
26,,,,2949,4.222562899155526,
26,,,,2959,4.0825600260395145,
26,,,,2969,4.13969468043458,
26,,,,2979,3.7776918275701847,
26,,,,2989,3.987286121681155,
26,,,,2999,3.642954080702045,
26,,,,3009,3.7016445716838198,
26,,,,3019,4.150257402293432,
26,,,,3029,3.393028431590852,
26,,,,3039,3.5615439777950426,
26,,,,3049,3.577095181158041,
26,0.061680618673563004,0.4717660073060206,0.3489888906478882,3050,,0.8824355397242718
27,,,,3059,4.188225045664255,
27,,,,3069,4.195458910570505,
27,,,,3079,3.9225110284385947,
27,,,,3089,3.8774301407086704,
27,,,,3099,3.7679870325371185,
27,,,,3109,4.2938904191837075,
27,,,,3119,3.8174337845534514,
27,,,,3129,3.949468671796457,
27,,,,3139,3.9179231400868773,
27,,,,3149,3.6568790674460305,
27,,,,3159,3.6999907971437,
27,0.05469745770096779,0.47962615004330117,0.30918240547180176,3163,,0.8435060275211853
28,,,,3169,3.5679356477672908,
28,,,,3179,3.8176392002379482,
28,,,,3189,3.7654545443348617,
28,,,,3199,3.9133077361564617,
28,,,,3209,3.9840999476428176,
28,,,,3219,3.9914837442913527,
28,,,,3229,3.4244042676602584,
28,,,,3239,3.686034178448012,
28,,,,3249,3.625340628074653,
28,,,,3259,3.8126383296130113,
28,,,,3269,4.241816655664811,
28,0.056432344019412994,0.425467142105564,0.284126877784729,3276,,0.7660263934140054
29,,,,3279,3.719721155791474,
29,,,,3289,4.2350946894724535,
29,,,,3299,3.965927390982844,
29,,,,3309,3.766900978863666,
29,,,,3319,3.8618286083656317,
29,,,,3329,3.9066169673460394,
29,,,,3339,3.6657154751053804,
29,,,,3349,4.020196971670272,
29,,,,3359,3.684105107215041,
29,,,,3369,3.944311636214116,
29,,,,3379,3.6991961977869012,
29,,,,3389,2.940052309267089,
29,0.05597507581114769,0.37672509338102045,0.2825998067855835,3389,,0.7152999361171455
30,,,,3399,4.140128906289382,
30,,,,3409,3.89171373189236,
30,,,,3419,3.753380157100369,
30,,,,3429,3.7099605417455774,
30,,,,3439,3.1650657761879075,
30,,,,3449,3.642032819020831,
30,,,,3459,3.8078249563313413,
30,,,,3469,3.4035579449214572,
30,,,,3479,4.353372858188245,
30,,,,3489,3.6512816557168435,
30,,,,3499,3.8373520170562503,
30,0.05198991298675537,0.3758857309725243,0.2603487968444824,3502,,0.6882244438585002
31,,,,3509,3.6779091528555736,
31,,,,3519,4.046824358719641,
31,,,,3529,3.630407676559788,
31,,,,3539,3.761383486635609,
31,,,,3549,4.143115635414847,
31,,,,3559,4.212630056192227,
31,,,,3569,3.813816366943715,
31,,,,3579,3.7817233289548957,
31,,,,3589,3.5718254078006577,
31,,,,3599,3.878898224174205,
31,,,,3609,3.8203492796874805,
31,0.05743692070245743,0.3806779514896039,0.30431491136550903,3615,,0.7424297679113511
32,,,,3619,3.4533844910043827,
32,,,,3629,3.7490284464595813,
32,,,,3639,4.074724279178089,
32,,,,3649,3.6339085424541215,
32,,,,3659,3.8343373145002584,
32,,,,3669,3.6560024781455214,
32,,,,3679,4.011549555168509,
32,,,,3689,3.3640027962907317,
32,,,,3699,4.0980873436665535,
32,,,,3709,3.633726107228195,
32,,,,3719,4.202762073681694,
32,0.0488884299993515,0.29967498739424253,0.2982487082481384,3728,,0.6468121059721997
33,,,,3729,3.9044459695697133,
33,,,,3739,3.7155754468388573,
33,,,,3749,3.993862851725409,
33,,,,3759,3.972028176985275,
33,,,,3769,3.384844869821794,
33,,,,3779,4.013814977278912,
33,,,,3789,3.878354577973356,
33,,,,3799,3.799060254231332,
33,,,,3809,3.6534867111658422,
33,,,,3819,3.9080247071372436,
33,,,,3829,3.642087017314405,
33,,,,3839,3.5362598564851986,
33,0.051402006298303604,0.31371102450282445,0.2784482538700104,3841,,0.6435612949529396
34,,,,3849,4.061400498849421,
34,,,,3859,3.637033843002252,
34,,,,3869,3.8570237663791187,
34,,,,3879,3.532120187901203,
34,,,,3889,3.6174749422745847,
34,,,,3899,3.5894669033117954,
34,,,,3909,3.611351838051907,
34,,,,3919,3.895829562707934,
34,,,,3929,3.8990060738174495,
34,,,,3939,3.6095499143847056,
34,,,,3949,3.838596711098353,
34,0.04586784914135933,0.2887878069370889,0.22318130731582642,3954,,0.5578369812011622
35,,,,3959,3.668027853169966,
35,,,,3969,3.8189210504427153,
35,,,,3979,3.682082108416827,
35,,,,3989,3.420263018394775,
35,,,,3999,3.7951489420807722,
35,,,,4009,3.676971161713969,
35,,,,4019,3.984448264086607,
35,,,,4029,3.72828790541321,
35,,,,4039,3.600111890774146,
35,,,,4049,3.553270516865877,
35,,,,4059,3.7305862017989053,
35,0.05260038375854492,0.26770748245541115,0.2561713457107544,4067,,0.5764792104345944
36,,,,4069,3.604145695955362,
36,,,,4079,3.6661389788515915,
36,,,,4089,3.9616448830777458,
36,,,,4099,3.7848794016772014,
36,,,,4109,3.564889628382662,
36,,,,4119,3.8236525038151497,
36,,,,4129,3.5856950398708842,
36,,,,4139,3.657519275102276,
36,,,,4149,3.5066659484171883,
36,,,,4159,3.3361092426531105,
36,,,,4169,3.5912982737394703,
36,,,,4179,3.757287600768133,
36,0.046179402619600296,0.2923922172093767,0.2250312864780426,4180,,0.5636029237413782
37,,,,4189,3.9235565615540904,
37,,,,4199,3.3509396806318206,
37,,,,4209,3.9429522769517322,
37,,,,4219,3.748376140507392,
37,,,,4229,3.5509426141162046,
37,,,,4239,3.6701538732070462,
37,,,,4249,3.5541507951733915,
37,,,,4259,3.3789719912001073,
37,,,,4269,3.6058878882289154,
37,,,,4279,3.498631268853608,
37,,,,4289,3.4857405829489503,
37,0.04242677614092827,0.22985935304928506,0.1943429708480835,4293,,0.46662910152841286
38,,,,4299,3.7598356665616737,
38,,,,4309,3.7700528943052203,
38,,,,4319,3.3833401850635996,
38,,,,4329,3.5193111103731747,
38,,,,4339,3.602430094764868,
38,,,,4349,3.6089268481025125,
38,,,,4359,3.4683029152677283,
38,,,,4369,3.761575284378085,
38,,,,4379,3.387328093795078,
38,,,,4389,3.674421739312332,
38,,,,4399,3.295969418633625,
38,0.04353589192032814,0.24478259138651784,0.19904696941375732,4406,,0.4873654268298355
39,,,,4409,3.593523123563988,
39,,,,4419,3.790010950451715,
39,,,,4429,3.5617052792407735,
39,,,,4439,3.664596793849022,
39,,,,4449,3.335262495931101,
39,,,,4459,3.3257926235489546,
39,,,,4469,3.562218065581482,
39,,,,4479,3.669056028432981,
39,,,,4489,3.721451699057324,
39,,,,4499,3.4639647650002856,
39,,,,4509,3.6160813685183624,
39,,,,4519,3.1709761471138984,
39,0.03230636939406395,0.2379540082019334,0.14748914539813995,4519,,0.41774951032815033
40,,,,4529,3.5865428279984854,
40,,,,4539,3.54462070936274,
40,,,,4549,3.7789753106550736,
40,,,,4559,3.4150541507843073,
40,,,,4569,3.6814711462229157,
40,,,,4579,3.265119845506774,
40,,,,4589,3.6089866755156264,
40,,,,4599,3.6946631722661682,
40,,,,4609,3.7612294992223543,
40,,,,4619,3.7944222026797725,
40,,,,4629,3.413348048268559,
40,0.03408048301935196,0.22204551899879765,0.1416415572166443,4632,,0.39776754105537726
41,,,,4639,3.306019241109482,
41,,,,4649,3.6402642159658902,
41,,,,4659,3.7525725877087446,
41,,,,4669,3.6905483768717033,
41,,,,4679,3.5869110322925994,
41,,,,4689,3.2129987082225018,
41,,,,4699,3.577558182753529,
41,,,,4709,3.4264989892325306,
41,,,,4719,3.7411976973772183,
41,,,,4729,3.65112574498234,
41,,,,4739,3.719572139552688,
41,0.03447554633021355,0.22570382541863407,0.16721607744693756,4745,,0.42739542326776475
42,,,,4749,3.7931762187651064,
42,,,,4759,3.6014880699404244,
42,,,,4769,3.3339073568716344,
42,,,,4779,3.4894782524408763,
42,,,,4789,3.581594606761496,
42,,,,4799,3.63184727311913,
42,,,,4809,4.032632373062461,
42,,,,4819,3.629787483038086,
42,,,,4829,3.4996112916896176,
42,,,,4839,3.9119395938461525,
42,,,,4849,3.5632063873738327,
42,0.032454714179039,0.18789810526421966,0.14312663674354553,4858,,0.3634794468735785
43,,,,4859,3.26796021176555,
43,,,,4869,3.395289990030727,
43,,,,4879,3.797185523205943,
43,,,,4889,3.5347789120655926,
43,,,,4899,3.865787049342239,
43,,,,4909,3.443672518394923,
43,,,,4919,3.6537565611853187,
43,,,,4929,3.527062369137906,
43,,,,4939,3.230114818862905,
43,,,,4949,3.4146650667072627,
43,,,,4959,3.6635412385543598,
43,,,,4969,3.2427761357981018,
43,0.032970890402793884,0.188767746953563,0.14400221407413483,4971,,0.36574084681113184
44,,,,4979,3.459953655456059,
44,,,,4989,3.7292608394162694,
44,,,,4999,3.5727142605057205,
44,,,,5009,3.8328009580630478,
44,,,,5019,3.28031856884077,
44,,,,5029,3.395126524020525,
44,,,,5039,3.5180553229673888,
44,,,,5049,3.6268835261805,
44,,,,5059,3.1427384214600504,
44,,,,5069,3.5771576603139854,
44,,,,5079,3.729412325240684,
44,0.035088084638118744,0.1916049719473733,0.17668627202510834,5084,,0.4033793187758341
45,,,,5089,3.7540927120450798,
45,,,,5099,3.001227154222616,
45,,,,5109,3.442024806302685,
45,,,,5119,3.5104618555317226,
45,,,,5129,3.202443840739077,
45,,,,5139,3.8249010851883325,
45,,,,5149,3.3318275344347024,
45,,,,5159,3.582169754895128,
45,,,,5169,3.1660633870042165,
45,,,,5179,3.4723733508279406,
45,,,,5189,3.4157026749933808,
45,0.029809441417455673,0.14535832633611703,0.1238909661769867,5197,,0.29905873616573353
46,,,,5199,3.4624642621880057,
46,,,,5209,3.4372680346753928,
46,,,,5219,3.5487205657257332,
46,,,,5229,3.3907890164709054,
46,,,,5239,3.49296705827039,
46,,,,5249,3.3351534024841234,
46,,,,5259,3.690841219722695,
46,,,,5269,3.7922110118609687,
46,,,,5279,3.3801354461043047,
46,,,,5289,3.186464215594112,
46,,,,5299,3.6887837912855317,
46,,,,5309,3.676109609251964,
46,0.03139398992061615,0.14736836970184317,0.13174191117286682,5310,,0.3105042859200048
47,,,,5319,3.283918987727393,
47,,,,5329,3.557157776636259,
47,,,,5339,3.5185516979039533,
47,,,,5349,3.591840669242128,
47,,,,5359,3.46014936316831,
47,,,,5369,3.419939333113515,
47,,,,5379,3.437228173077001,
47,,,,5389,3.227982186638232,
47,,,,5399,3.5852651431618665,
47,,,,5409,3.574989718030106,
47,,,,5419,3.50122024958167,
47,0.03318149223923683,0.17304707775556796,0.1399349570274353,5423,,0.34616351063096273
48,,,,5429,3.474041521656238,
48,,,,5439,3.791704190714379,
48,,,,5449,3.469456825193421,
48,,,,5459,3.4346117176194477,
48,,,,5469,3.350507542792333,
48,,,,5479,3.4679055583745035,
48,,,,5489,3.5635287872088766,
48,,,,5499,3.2970400344522752,
48,,,,5509,3.3685108127049452,
48,,,,5519,3.4720629403769374,
48,,,,5529,3.662762744176154,
48,0.0360424667596817,0.15923631768775717,0.16692200303077698,5536,,0.36220078554106494
49,,,,5539,3.5779441318062895,
49,,,,5549,3.4864977649001196,
49,,,,5559,3.2986379530114176,
49,,,,5569,3.521204364585597,
49,,,,5579,3.5606395116918907,
49,,,,5589,3.4904165496114508,
49,,,,5599,3.6675755105238497,
49,,,,5609,3.3971811083200394,
49,,,,5619,3.5826290703691748,
49,,,,5629,3.4514788660517217,
49,,,,5639,3.3987566497279142,
49,,,,5649,2.671936368110877,
49,0.03543675318360329,0.14376122310217218,0.14024998247623444,5649,,0.31944795309956864
50,,,,5659,3.4779546141801605,
50,,,,5669,3.662914683399343,
50,,,,5679,3.484743126508909,
50,,,,5689,3.4398156259899144,
50,,,,5699,3.804008329128432,
50,,,,5709,3.227890435296239,
50,,,,5719,3.5902417642363273,
50,,,,5729,3.627229629669574,
50,,,,5739,3.751324855890326,
50,,,,5749,3.497200007736854,
50,,,,5759,3.2804004332835173,
50,0.030170494690537453,0.1173969126626251,0.13362117111682892,5762,,0.28118857940131403
51,,,,5769,3.663853652041462,
51,,,,5779,3.1671704255816406,
51,,,,5789,3.2758258323107072,
51,,,,5799,3.7078690080376746,
51,,,,5809,3.700326059095799,
51,,,,5819,3.5700808569154168,
51,,,,5829,3.354980027436258,
51,,,,5839,3.4522568072948094,
51,,,,5849,3.5812075912273205,
51,,,,5859,2.856673627916272,
51,,,,5869,3.578765182883664,
51,0.03502058982849121,0.11980089512547278,0.13980580866336823,5875,,0.2946272946604135
52,,,,5879,3.358687942300523,
52,,,,5889,3.283838150596325,
52,,,,5899,3.584807070785695,
52,,,,5909,3.3857071894577597,
52,,,,5919,3.3725698382441864,
52,,,,5929,3.2552442048419907,
52,,,,5939,3.42908242436418,
52,,,,5949,3.426262776849686,
52,,,,5959,3.511464254717353,
52,,,,5969,3.1971119059017274,
52,,,,5979,3.4615560842701174,
52,0.02829444222152233,0.10974120278403719,0.10890650749206543,5988,,0.2469421583835836
53,,,,5989,3.0655208388216546,
53,,,,5999,3.3052305420722203,
53,,,,6009,3.5808890636660546,
53,,,,6019,3.4388596880316764,
53,,,,6029,3.3285919870552916,
53,,,,6039,3.4147453393122067,
53,,,,6049,3.565060897286832,
53,,,,6059,3.3499484939636575,
53,,,,6069,3.466311307456138,
53,,,,6079,3.1988163689733793,
53,,,,6089,3.468482327542008,
53,,,,6099,3.423819768875231,
53,0.0302499420940876,0.11932104241075402,0.11706448346376419,6101,,0.26663548823418504
54,,,,6109,3.4615120858384665,
54,,,,6119,3.732141289977965,
54,,,,6129,3.18822812520637,
54,,,,6139,3.528620627637711,
54,,,,6149,3.3824340773655335,
54,,,,6159,3.1209396073766125,
54,,,,6169,3.025281488284585,
54,,,,6179,3.2771856149404055,
54,,,,6189,3.5594784574898775,
54,,,,6199,3.3542693379917017,
54,,,,6209,3.4882806675188953,
54,0.026809675619006157,0.11148081148766696,0.09863826632499695,6214,,0.23692876199983773
55,,,,6219,3.263203525887832,
55,,,,6229,3.5303949905473244,
55,,,,6239,3.0362558813317864,
55,,,,6249,3.568408589669388,
55,,,,6259,3.479214443361815,
55,,,,6269,3.5111267314602963,
55,,,,6279,3.6698648070830835,
55,,,,6289,3.5544859999629757,
55,,,,6299,3.6702058155931194,
55,,,,6309,3.37583179199361,
55,,,,6319,3.426398781012143,
55,0.027204036712646484,0.09368587111155932,0.1220560073852539,6327,,0.2429459099940533
56,,,,6329,3.4780227798793635,
56,,,,6339,3.279480137841669,
56,,,,6349,3.2272857097214063,
56,,,,6359,3.7040351484086096,
56,,,,6369,3.3411980966690353,
56,,,,6379,3.5946599152984087,
56,,,,6389,3.4838637215313333,
56,,,,6399,3.502716899180946,
56,,,,6409,3.220908475907988,
56,,,,6419,3.4014643904700015,
56,,,,6429,3.5099296093975623,
56,,,,6439,3.4812601704911605,
56,0.027397558093070984,0.10567524354821259,0.10279437899589539,6440,,0.23586718562906797
57,,,,6449,3.516620145926117,
57,,,,6459,3.3644319363915267,
57,,,,6469,3.3357711144994964,
57,,,,6479,3.4323554239592777,
57,,,,6489,3.1776983278444346,
57,,,,6499,3.357658356672313,
57,,,,6509,3.3266807498139457,
57,,,,6519,3.7322890098780936,
57,,,,6529,3.422149974055972,
57,,,,6539,3.1926471301081842,
57,,,,6549,3.093557663903994,
57,0.02669627219438553,0.10899702730495342,0.1002800241112709,6553,,0.23597332316357503
58,,,,6559,3.756436071002623,
58,,,,6569,3.8250316401516966,
58,,,,6579,3.444150095007368,
58,,,,6589,3.3003091029079688,
58,,,,6599,3.211252202531068,
58,,,,6609,3.4171152755222183,
58,,,,6619,3.3187587721205394,
58,,,,6629,3.483243989478859,
58,,,,6639,3.844129176895388,
58,,,,6649,3.606980796993512,
58,,,,6659,3.56068149051643,
58,0.028940875083208084,0.09581652020700121,0.12861494719982147,6666,,0.253372344725205
59,,,,6669,3.3817706149132825,
59,,,,6679,3.1369303839753666,
59,,,,6689,3.4263879632129712,
59,,,,6699,3.064361305828703,
59,,,,6709,3.5315806764384545,
59,,,,6719,3.5171340560779023,
59,,,,6729,3.2717422856043283,
59,,,,6739,3.359176748751882,
59,,,,6749,3.2369312097008693,
59,,,,6759,3.448976088100117,
59,,,,6769,3.14981735823343,
59,,,,6779,2.8210103644833344,
59,0.027218786999583244,0.09072721912686234,0.10806402564048767,6779,,0.22601002804164302
60,,,,6789,3.339835742878537,
60,,,,6799,3.494587824973076,
60,,,,6809,3.6279719695724153,
60,,,,6819,3.522925112908974,
60,,,,6829,3.317158429434498,
60,,,,6839,3.2937083014692,
60,,,,6849,3.4411409382598155,
60,,,,6859,3.306025365190895,
60,,,,6869,3.5048316605837413,
60,,,,6879,3.4389860085181065,
60,,,,6889,3.5490878007508737,
60,0.02797786146402359,0.10550510235738333,0.10869111120700836,6892,,0.2421740777106243
61,,,,6899,3.3469364435806,
61,,,,6909,3.3056352867627687,
61,,,,6919,3.600496944075343,
61,,,,6929,3.532676955715758,
61,,,,6939,3.4687043747677557,
61,,,,6949,3.5568494102769286,
61,,,,6959,3.292431906058107,
61,,,,6969,3.5254755181935207,
61,,,,6979,3.470304842152324,
61,,,,6989,3.349171079453212,
61,,,,6999,3.5729399322993576,
61,0.02769419178366661,0.10009310453409298,0.10869355499744415,7005,,0.2364808535876308
62,,,,7009,3.4848007502778686,
62,,,,7019,3.37974480382179,
62,,,,7029,3.214451883491812,
62,,,,7039,3.448378135827768,
62,,,,7049,3.4539123578809243,
62,,,,7059,3.4479208301431568,
62,,,,7069,3.117776674399929,
62,,,,7079,3.3888146759738675,
62,,,,7089,3.5394401858331075,
62,,,,7099,3.361264395036386,
62,,,,7109,3.3067526711725463,
62,0.025406546890735626,0.10218060705178061,0.10528482496738434,7118,,0.23287197421603476
63,,,,7119,3.7102974726589175,
63,,,,7129,3.224300799507806,
63,,,,7139,3.4598450278584507,
63,,,,7149,3.6304798793832442,
63,,,,7159,3.1974780722040004,
63,,,,7169,3.5055193740583674,
63,,,,7179,3.330137129591213,
63,,,,7189,3.5426379810241175,
63,,,,7199,2.8290004248319587,
63,,,,7209,3.234012156494968,
63,,,,7219,3.4035144393643306,
63,,,,7229,3.0556016657486005,
63,0.021914249286055565,0.0940573486994254,0.07864036411046982,7231,,0.19461195788637276
64,,,,7239,3.346501757275824,
64,,,,7249,3.3759954913698986,
64,,,,7259,3.2200894108507905,
64,,,,7269,3.324855412297039,
64,,,,7279,3.4876002812776017,
64,,,,7289,3.3171246935635437,
64,,,,7299,3.4742254150494283,
64,,,,7309,3.261183143953504,
64,,,,7319,3.3549671814087287,
64,,,,7329,3.2852246439823807,
64,,,,7339,3.56891453420765,
64,0.022324858233332634,0.08308010264715066,0.07845918089151382,7344,,0.1838641449198674
65,,,,7349,3.517695244387096,
65,,,,7359,3.814879190964248,
65,,,,7369,2.936529833645764,
65,,,,7379,3.394901655227404,
65,,,,7389,3.4630723002176484,
65,,,,7399,3.3729837836465286,
65,,,,7409,3.377470728254179,
65,,,,7419,3.4176129711869514,
65,,,,7429,3.138378639848948,
65,,,,7439,3.4374092352667476,
65,,,,7449,3.443477470898137,
65,0.02143211103975773,0.07947817563928114,0.08249171078205109,7457,,0.18340199649251449
66,,,,7459,3.3286051620229467,
66,,,,7469,3.076620701531537,
66,,,,7479,3.15196204081622,
66,,,,7489,3.2299168073466378,
66,,,,7499,3.4666583989466524,
66,,,,7509,3.580769628769242,
66,,,,7519,3.3959297744982777,
66,,,,7529,3.381620487992822,
66,,,,7539,3.3673555639623194,
66,,,,7549,3.2173985774528493,
66,,,,7559,3.2478861131374104,
66,,,,7569,3.148624723976171,
66,0.017139913514256477,0.07332455476308707,0.05869515240192413,7570,,0.14915961918915155
67,,,,7579,3.264947571713374,
67,,,,7589,3.4610448319433,
67,,,,7599,3.1919517403023066,
67,,,,7609,3.3562741188047416,
67,,,,7619,3.5230372879909266,
67,,,,7629,2.847196691968048,
67,,,,7639,3.806235766196398,
67,,,,7649,3.3617473858992377,
67,,,,7659,3.313532051965434,
67,,,,7669,3.501426092605291,
67,,,,7679,3.2186797606124777,
67,0.021344967186450958,0.06690819010811215,0.07314544171094894,7683,,0.1613986010171688
68,,,,7689,3.304749895284261,
68,,,,7699,3.211652054617151,
68,,,,7709,3.4014851465704936,
68,,,,7719,3.506483628194511,
68,,,,7729,3.284219761403396,
68,,,,7739,3.356090476797198,
68,,,,7749,3.5895430129601493,
68,,,,7759,3.1651478367697665,
68,,,,7769,3.2604336971277252,
68,,,,7779,3.1964629446345003,
68,,,,7789,3.164631688592789,
68,0.02072817087173462,0.08266528685892448,0.0735568255186081,7796,,0.1769502849256478
69,,,,7799,3.2476819731260487,
69,,,,7809,3.6038813516099513,
69,,,,7819,3.4905093236492903,
69,,,,7829,3.1963197343748613,
69,,,,7839,3.8089211541947448,
69,,,,7849,3.3972297969344485,
69,,,,7859,3.274083014748546,
69,,,,7869,3.3689073801557097,
69,,,,7879,3.640250769919785,
69,,,,7889,3.3947304141148114,
69,,,,7899,3.3332390686924707,
69,,,,7909,2.579510204039265,
69,0.018626626580953598,0.07690860137080374,0.06516887992620468,7909,,0.16070410497223558
70,,,,7919,3.1410287613132595,
70,,,,7929,3.431288859312261,
70,,,,7939,3.3439490470524005,
70,,,,7949,3.442933841429396,
70,,,,7959,3.4736890676678533,
70,,,,7969,3.6688464945610693,
70,,,,7979,3.397185338178313,
70,,,,7989,3.281831149263591,
70,,,,7999,3.932230107279711,
70,,,,8009,3.3279435353203306,
70,,,,8019,3.4104295848250947,
70,0.022932248190045357,0.0639592451718804,0.09048923850059509,8022,,0.17738072422567577
71,,,,8029,2.4753503691783894,
71,,,,8039,3.1768333856767166,
71,,,,8049,3.293044150944399,
71,,,,8059,3.5404528466778484,
71,,,,8069,3.578891842068483,
71,,,,8079,3.264299751866873,
71,,,,8089,3.17927153082602,
71,,,,8099,3.129698479215995,
71,,,,8109,3.392763013210343,
71,,,,8119,3.4650665051205665,
71,,,,8129,3.5130929119931618,
71,0.02267974615097046,0.062248848905901266,0.0784817710518837,8135,,0.16341037020657478
72,,,,8139,3.123624367059791,
72,,,,8149,3.303458498712578,
72,,,,8159,3.513888773773121,
72,,,,8169,3.5161575846191364,
72,,,,8179,3.362464810860877,
72,,,,8189,3.2028844629453124,
72,,,,8199,3.5060306813080833,
72,,,,8209,3.1908957111215943,
72,,,,8219,3.036793418615394,
72,,,,8229,3.3937642240460453,
72,,,,8239,3.2489823878885002,
72,0.022201217710971832,0.07997467236352915,0.06815426051616669,8248,,0.1703301463624632
73,,,,8249,3.13533327121978,
73,,,,8259,3.6515373693178996,
73,,,,8269,3.428629083293799,
73,,,,8279,3.488465712316208,
73,,,,8289,3.2358469325274717,
73,,,,8299,3.351495660192107,
73,,,,8309,3.598871144462917,
73,,,,8319,3.226774595403313,
73,,,,8329,3.4175366790038977,
73,,,,8339,3.3449487263656916,
73,,,,8349,3.5109668661043556,
73,,,,8359,3.0623471059825134,
73,0.018734363839030266,0.06900068872337273,0.06022970378398895,8361,,0.14796475250934293
74,,,,8369,3.311290649372735,
74,,,,8379,3.564680308208009,
74,,,,8389,3.330036293271157,
74,,,,8399,3.290643080538713,
74,,,,8409,3.2306491737562033,
74,,,,8419,3.327073105709375,
74,,,,8429,3.616529704103805,
74,,,,8439,3.493497428644761,
74,,,,8449,3.1362115853839367,
74,,,,8459,3.270807558376756,
74,,,,8469,3.152418320724917,
74,0.019729705527424812,0.07630565001861193,0.0592980720102787,8474,,0.15533342815236184
75,,,,8479,3.437950477945015,
75,,,,8489,3.4692408279509546,
75,,,,8499,3.3508074006686837,
75,,,,8509,3.1049784791895756,
75,,,,8519,3.095313644493165,
75,,,,8529,3.139908689914113,
75,,,,8539,3.426629620085165,
75,,,,8549,3.5827462037992044,
75,,,,8559,3.538618712130641,
75,,,,8569,3.2784640652296306,
75,,,,8579,3.357871688079285,
75,0.018845921382308006,0.07126555140016774,0.07212379574775696,8587,,0.16223527491910555
76,,,,8589,3.3811008352112357,
76,,,,8599,3.589279325768356,
76,,,,8609,3.5029066395805284,
76,,,,8619,3.5695211892416028,
76,,,,8629,3.0234938946217156,
76,,,,8639,3.147040375816056,
76,,,,8649,3.4233248129335956,
76,,,,8659,3.198051066550394,
76,,,,8669,3.3021140222532273,
76,,,,8679,3.286962153947472,
76,,,,8689,3.4061199475569044,
76,,,,8699,3.2609646893725914,
76,0.01976921409368515,0.051668395473339165,0.06525152921676636,8700,,0.13668913327036106
77,,,,8709,3.503343377232642,
77,,,,8719,3.5058139623367586,
77,,,,8729,3.4422836688508953,
77,,,,8739,3.1186253278459923,
77,,,,8749,3.0910264273752044,
77,,,,8759,3.258213713567786,
77,,,,8769,3.3639445440994806,
77,,,,8779,3.467342560103559,
77,,,,8789,3.18802527837937,
77,,,,8799,3.425006856283284,
77,,,,8809,3.415020763480371,
77,0.017194630578160286,0.0565941566461407,0.05311604589223862,8813,,0.1269048330792867
78,,,,8819,3.4139339059250173,
78,,,,8829,3.161251340530813,
78,,,,8839,3.3655839315508085,
78,,,,8849,3.344388511316616,
78,,,,8859,3.3950584906898325,
78,,,,8869,3.451891487317366,
78,,,,8879,3.522241456564064,
78,,,,8889,3.4045924011404884,
78,,,,8899,3.1469120829339716,
78,,,,8909,3.3468756838262665,
78,,,,8919,3.4521519443452795,
78,0.02054649032652378,0.0749061939537508,0.062287863343954086,8926,,0.15774054252058092
79,,,,8929,2.907039744803746,
79,,,,8939,3.5060720416154996,
79,,,,8949,3.3008444324296313,
79,,,,8959,3.264158941246622,
79,,,,8969,3.432403372220205,
79,,,,8979,3.5481956985818455,
79,,,,8989,2.858057245471806,
79,,,,8999,3.514275337932211,
79,,,,9009,3.4666906890244267,
79,,,,9019,3.1039359366815247,
79,,,,9029,3.254918396900038,
79,,,,9039,2.6858297436188026,
79,0.016067957505583763,0.05962463928101568,0.05325213819742203,9039,,0.12894473639963178
80,,,,9049,3.410147999997061,
80,,,,9059,3.445357126999662,
80,,,,9069,3.2826563739300787,
80,,,,9079,3.3728836105020097,
80,,,,9089,3.212956048909468,
80,,,,9099,3.052671867248383,
80,,,,9109,3.2232162412877914,
80,,,,9119,3.260743019324454,
80,,,,9129,3.1210439789836824,
80,,,,9139,3.269460670770874,
80,,,,9149,3.1930492420508827,
80,0.01615695096552372,0.05719799053466284,0.05672965943813324,9152,,0.13008459600231015
81,,,,9159,3.146634939554175,
81,,,,9169,3.4328727782213466,
81,,,,9179,3.1791565877585715,
81,,,,9189,3.1679715564466737,
81,,,,9199,3.227958764665482,
81,,,,9209,3.396113078577861,
81,,,,9219,3.1476881992961165,
81,,,,9229,3.310357423513809,
81,,,,9239,3.1764525612497123,
81,,,,9249,3.2482756359248066,
81,,,,9259,3.5447817137599884,
81,0.017152538523077965,0.07020571489638859,0.052664123475551605,9265,,0.14002237570292525
82,,,,9269,2.990339595362759,
82,,,,9279,3.1574677667165028,
82,,,,9289,3.2695362437933966,
82,,,,9299,3.1887600380731724,
82,,,,9309,2.813056435706258,
82,,,,9319,3.3574556120735672,
82,,,,9329,3.362454320217312,
82,,,,9339,3.4837568964154335,
82,,,,9349,3.578138022481474,
82,,,,9359,3.206006593708954,
82,,,,9369,3.305763616224527,
82,0.018082572147250175,0.059137768917687766,0.05944779887795448,9378,,0.13666814472989045
83,,,,9379,3.3950179355624206,
83,,,,9389,3.3664087137346765,
83,,,,9399,3.347681534800876,
83,,,,9409,3.4943492097994318,
83,,,,9419,3.1684407546762547,
83,,,,9429,3.308339699949854,
83,,,,9439,3.2663290755608303,
83,,,,9449,3.2581063552550877,
83,,,,9459,3.0914278291519888,
83,,,,9469,3.45256755678433,
83,,,,9479,3.226508973897302,
83,,,,9489,3.1499621720023585,
83,0.016914213076233864,0.05509107771984436,0.05111037194728851,9491,,0.12311566322765449
84,,,,9499,3.53378035932597,
84,,,,9509,3.2761970610294338,
84,,,,9519,3.127922775122106,
84,,,,9529,3.2127463605075794,
84,,,,9539,3.1741185152634155,
84,,,,9549,3.4033695490215106,
84,,,,9559,3.4849685746999115,
84,,,,9569,3.4550795282506166,
84,,,,9579,3.390907860709624,
84,,,,9589,3.1550033171115075,
84,,,,9599,3.071452262334052,
84,0.019714631140232086,0.0665091408968291,0.05901787430047989,9604,,0.14524164298477982
85,,,,9609,3.18567697044722,
85,,,,9619,3.7722341204723024,
85,,,,9629,3.0176432979699768,
85,,,,9639,3.4054105312814884,
85,,,,9649,3.344634254832509,
85,,,,9659,3.474899086751104,
85,,,,9669,3.5359873490024154,
85,,,,9679,3.425721304507458,
85,,,,9689,3.1528843921706535,
85,,,,9699,2.739515908539525,
85,,,,9709,3.372679042608666,
85,0.014140188694000244,0.0492777720537465,0.04747174307703972,9717,,0.11088970654424837
86,,,,9719,3.272828529635479,
86,,,,9729,3.403313870085318,
86,,,,9739,2.9999188135781,
86,,,,9749,3.2515100390810017,
86,,,,9759,3.4829397965797146,
86,,,,9769,3.3037283086648865,
86,,,,9779,2.9321017744265503,
86,,,,9789,3.2084089769879354,
86,,,,9799,3.09497795639623,
86,,,,9809,3.5970721867846147,
86,,,,9819,3.1529958061414995,
86,,,,9829,3.153152581321568,
86,0.01731155812740326,0.05850715277372673,0.06279035657644272,9830,,0.1386090683343895
87,,,,9839,3.3407319626602967,
87,,,,9849,3.3747146829681136,
87,,,,9859,3.172794768668872,
87,,,,9869,3.1026049579704438,
87,,,,9879,3.18246051526215,
87,,,,9889,3.318913171207001,
87,,,,9899,3.433542212838335,
87,,,,9909,3.1544620010749105,
87,,,,9919,3.0307311807210007,
87,,,,9929,3.215027032104596,
87,,,,9939,3.2527314980509727,
87,0.01352041494101286,0.058117786625861693,0.0409013032913208,9943,,0.11253949975454765
88,,,,9949,2.733259126764706,
88,,,,9959,3.733896181430687,
88,,,,9969,3.3199756680715873,
88,,,,9979,3.1389948559073435,
88,,,,9989,3.1897287488100217,
88,,,,9999,3.4695362626296293,
88,,,,10009,3.2241921417707875,
88,,,,10019,3.1889016067761995,
88,,,,10029,3.198511430266567,
88,,,,10039,3.2744266177540347,
88,,,,10049,3.3203440923858474,
88,0.01402339804917574,0.05166323582395063,0.04389309883117676,10056,,0.1095797342502986
89,,,,10059,3.206084592549685,
89,,,,10069,3.2242672367864804,
89,,,,10079,3.3353685060634555,
89,,,,10089,3.1201060718051243,
89,,,,10099,3.2505266905003825,
89,,,,10109,3.3551463060318114,
89,,,,10119,3.380135416432708,
89,,,,10129,2.9952514761647446,
89,,,,10139,3.0489736029899266,
89,,,,10149,3.190297260407385,
89,,,,10159,3.6197510135125537,
89,,,,10169,2.9753481896242393,
89,0.01979592628777027,0.052466301531648024,0.06702529639005661,10169,,0.13928751456097305
90,,,,10179,3.170427002930727,
90,,,,10189,3.3080281424338933,
90,,,,10199,3.5230573332080235,
90,,,,10209,2.91695806139439,
90,,,,10219,3.1610457430157544,
90,,,,10229,3.7099144167501645,
90,,,,10239,3.2587103964894792,
90,,,,10249,3.456525566603657,
90,,,,10259,3.3105431610291998,
90,,,,10269,3.379344922450765,
90,,,,10279,3.1851462952366263,
90,0.01364598423242569,0.059619392161873945,0.040866341441869736,10282,,0.11413171887925067
91,,,,10289,3.412065243715843,
91,,,,10299,3.119336502994631,
91,,,,10309,3.347281648350774,
91,,,,10319,3.3534111727963625,
91,,,,10329,3.3493572440312613,
91,,,,10339,3.1392471177156516,
91,,,,10349,3.3828249566488564,
91,,,,10359,3.542366320329266,
91,,,,10369,3.239443558722983,
91,,,,10379,3.2044856147375613,
91,,,,10389,3.070298991399372,
91,0.017088133841753006,0.05488555295258545,0.05695521831512451,10395,,0.12892890887200617
92,,,,10399,3.167164799145847,
92,,,,10409,3.0055854014537986,
92,,,,10419,3.4422572405633134,
92,,,,10429,3.4491397965647472,
92,,,,10439,2.951542295243277,
92,,,,10449,3.498961340311726,
92,,,,10459,3.389315634699702,
92,,,,10469,2.946845064280651,
92,,,,10479,3.299507422540096,
92,,,,10489,3.2367631172053972,
92,,,,10499,3.28912992630909,
92,0.01779760979115963,0.06970525293843409,0.05086865276098251,10508,,0.13837151824729108
93,,,,10509,3.188884894261945,
93,,,,10519,3.3522210344884464,
93,,,,10529,3.134475820169714,
93,,,,10539,3.0029991442447255,
93,,,,10549,3.2374206538474066,
93,,,,10559,3.175957817996621,
93,,,,10569,3.4202692603498885,
93,,,,10579,3.453408188254171,
93,,,,10589,2.970036123675527,
93,,,,10599,3.5393243324496586,
93,,,,10609,3.343715701094661,
93,,,,10619,3.079624050626695,
93,0.013142691925168037,0.04058668241864847,0.037409402430057526,10621,,0.09113877438968826
94,,,,10629,3.1513523967296715,
94,,,,10639,3.1054446666754174,
94,,,,10649,3.3928584758419964,
94,,,,10659,3.231559326397088,
94,,,,10669,3.3906551766187043,
94,,,,10679,3.4891244454401096,
94,,,,10689,3.1578938141937223,
94,,,,10699,3.17686612807328,
94,,,,10709,3.458519363666014,
94,,,,10719,3.2297461264000904,
94,,,,10729,3.434631601953028,
94,0.012959935702383518,0.053178127800888285,0.03709913417696953,10734,,0.10323719218543813
95,,,,10739,2.9332173489264575,
95,,,,10749,3.176651132630182,
95,,,,10759,3.3298891194696165,
95,,,,10769,3.1541488309200716,
95,,,,10779,2.9132632184714073,
95,,,,10789,3.3926088675448733,
95,,,,10799,3.000489277760335,
95,,,,10809,3.200822446440712,
95,,,,10819,3.0695367883889144,
95,,,,10829,3.082289793387396,
95,,,,10839,3.186170086534458,
95,0.011788642033934593,0.08003900394222332,0.03434090316295624,10847,,0.12616855029395413
96,,,,10849,3.1374590962912348,
96,,,,10859,3.3761089309333845,
96,,,,10869,3.087285834599395,
96,,,,10879,3.378110252987282,
96,,,,10889,3.271005421215781,
96,,,,10899,3.366357700503163,
96,,,,10909,2.9597410269122135,
96,,,,10919,3.246415328194555,
96,,,,10929,3.017240629895664,
96,,,,10939,3.0270956990413374,
96,,,,10949,3.238029996131199,
96,,,,10959,3.0316298741384196,
96,0.015031404793262482,0.05463908552443532,0.044349875301122665,10960,,0.11402037046169786
97,,,,10969,3.090301403699561,
97,,,,10979,3.1365069194912834,
97,,,,10989,3.2009917608241882,
97,,,,10999,3.1774169714538814,
97,,,,11009,3.410737096288246,
97,,,,11019,3.237320039310721,
97,,,,11029,3.480012994378867,
97,,,,11039,3.1379242814800676,
97,,,,11049,3.308969590694985,
97,,,,11059,3.3156852110285713,
97,,,,11069,3.3628582492975148,
97,0.013207174837589264,0.04230335812876051,0.043722547590732574,11073,,0.09923308081785268
98,,,,11079,3.068498735185431,
98,,,,11089,3.3166696754558034,
98,,,,11099,3.4740111652680725,
98,,,,11109,3.33382138733293,
98,,,,11119,3.203877918528898,
98,,,,11129,3.1206963192023465,
98,,,,11139,3.376261488891643,
98,,,,11149,3.305072819762632,
98,,,,11159,3.3162448849575217,
98,,,,11169,3.255566258622731,
98,,,,11179,3.160271766988101,
98,0.014211705885827541,0.06287188432360584,0.04493018984794617,11186,,0.12201377885597343
99,,,,11189,3.4433278727975947,
99,,,,11199,3.1181569885851514,
99,,,,11209,3.3434408969985823,
99,,,,11219,3.231272542423941,
99,,,,11229,3.2334943655548885,
99,,,,11239,3.17237530387471,
99,,,,11249,3.2079067521125304,
99,,,,11259,3.3254983561829032,
99,,,,11269,3.4288788860713564,
99,,,,11279,3.2791265700072914,
99,,,,11289,3.4039232089471723,
99,,,,11299,2.3371497043324583,
99,0.012064280919730663,0.0464954842509861,0.03517375886440277,11299,,0.09373352552523566
100,,,,11309,3.029232377222844,
100,,,,11319,3.1939719886356843,
100,,,,11329,3.2885784489467254,
100,,,,11339,2.9173035182624516,
100,,,,11349,3.391443357472727,
100,,,,11359,3.2324959337799215,
100,,,,11369,3.236765312553022,
100,,,,11379,3.2168927004172785,
100,,,,11389,3.1498225066922974,
100,,,,11399,3.262668353400343,
100,,,,11409,3.4394221614662914,
100,0.010129137896001339,0.049139010233321415,0.02995278313755989,11412,,0.0892209305963304
101,,,,11419,3.029837704739111,
101,,,,11429,3.54341494921282,
101,,,,11439,2.963485674623537,
101,,,,11449,3.2964181499258434,
101,,,,11459,3.4295933076988754,
101,,,,11469,3.1347315521794252,
101,,,,11479,3.2088623194510117,
101,,,,11489,3.1597978483547027,
101,,,,11499,3.565649368544776,
101,,,,11509,3.5272093954758748,
101,,,,11519,3.2894929441276304,
101,0.011427010409533978,0.048735027823404414,0.03189866617321968,11525,,0.09206070330719744
102,,,,11529,3.2645102859466806,
102,,,,11539,3.2547956844572776,
102,,,,11549,3.082567523486719,
102,,,,11559,3.1762957471925852,
102,,,,11569,3.393677794481626,
102,,,,11579,3.628600488604448,
102,,,,11589,3.178820483809823,
102,,,,11599,3.4916443507456423,
102,,,,11609,3.4553543826058837,
102,,,,11619,3.2543782212024066,
102,,,,11629,3.3425613593477608,
102,0.012539898976683617,0.0495609921692804,0.03547690808773041,11638,,0.09757779915918861
103,,,,11639,3.044139842856181,
103,,,,11649,3.3110771972145177,
103,,,,11659,3.3361080092993296,
103,,,,11669,2.9319349314344407,
103,,,,11679,3.4116514074973394,
103,,,,11689,3.0833516574030333,
103,,,,11699,3.35217733353687,
103,,,,11709,2.853701983089283,
103,,,,11719,3.1965711300800237,
103,,,,11729,3.382404630112807,
103,,,,11739,3.242497305775001,
103,,,,11749,3.130620249949462,
103,0.010328913107514381,0.024842006883172216,0.030519479885697365,11751,,0.0656904021301846
104,,,,11759,3.278978744900427,
104,,,,11769,3.1437368261688237,
104,,,,11779,3.1845928698399044,
104,,,,11789,3.4827315838515944,
104,,,,11799,2.8619521043826017,
104,,,,11809,2.8664065305987325,
104,,,,11819,3.0265886058612526,
104,,,,11829,3.182760151766963,
104,,,,11839,3.1855924691006936,
104,,,,11849,3.187958132013154,
104,,,,11859,3.2786285462055265,
104,0.01227869838476181,0.03979827091620857,0.03278326615691185,11864,,0.08486023467557127
105,,,,11869,3.034950978803446,
105,,,,11879,3.29437914134307,
105,,,,11889,3.317041067586405,
105,,,,11899,3.3866622488063878,
105,,,,11909,3.3527067465616645,
105,,,,11919,3.4778606973318063,
105,,,,11929,3.035409807320188,
105,,,,11939,3.368182384129883,
105,,,,11949,3.336801282955191,
105,,,,11959,3.235688234829124,
105,,,,11969,3.6424152637343625,
105,0.011155420914292336,0.03441513105240089,0.032746147364377975,11977,,0.07831669679787381
106,,,,11979,3.3523116580743477,
106,,,,11989,3.191643181090219,
106,,,,11999,3.095541032374493,
106,,,,12009,3.2265265852479392,
106,,,,12019,3.26840818269209,
106,,,,12029,3.3416913942647586,
106,,,,12039,3.4376753830228908,
106,,,,12049,3.304345029380464,
106,,,,12059,3.1955919682725553,
106,,,,12069,3.2689981284938496,
106,,,,12079,3.332842853192314,
106,,,,12089,3.601010221462795,
106,0.013219318352639675,0.03644711856060984,0.038290299475193024,12090,,0.0879567317132032
107,,,,12099,2.6993602577038134,
107,,,,12109,3.498551633020513,
107,,,,12119,3.219858777754239,
107,,,,12129,3.3114432925500035,
107,,,,12139,3.4331744493030634,
107,,,,12149,2.796668901444473,
107,,,,12159,3.237707346459229,
107,,,,12169,3.422841028471006,
107,,,,12179,3.1459186708985363,
107,,,,12189,3.189275857275231,
107,,,,12199,3.1147430317023663,
107,0.012388347648084164,0.03078207278195793,0.03486747667193413,12203,,0.07803789421487624
108,,,,12209,3.3725262965699727,
108,,,,12219,3.238863898915372,
108,,,,12229,3.475099664034771,
108,,,,12239,3.205729242914907,
108,,,,12249,2.9585550356927137,
108,,,,12259,3.4539256662966245,
108,,,,12269,3.1505903650873495,
108,,,,12279,2.8940538602411543,
108,,,,12289,3.053001671329763,
108,,,,12299,3.1166344638309575,
108,,,,12309,3.5502814959436044,
108,0.011740637011826038,0.040240316765307906,0.030845576897263527,12316,,0.0828265333938594
109,,,,12319,3.428016414617807,
109,,,,12329,3.177281482257216,
109,,,,12339,3.156066821279699,
109,,,,12349,3.2834215281679513,
109,,,,12359,3.4052402566976356,
109,,,,12369,3.3746966282757707,
109,,,,12379,3.3887276438430747,
109,,,,12389,3.3332221179882837,
109,,,,12399,2.9262301316140054,
109,,,,12409,3.260109219342152,
109,,,,12419,3.310727063226158,
109,,,,12429,2.239545790053023,
109,0.010662146843969822,0.0439922194557588,0.03192417696118355,12429,,0.08657854517943667
110,,,,12439,3.6220464289969034,
110,,,,12449,2.975137459372361,
110,,,,12459,3.385407851509714,
110,,,,12469,3.1648718927027475,
110,,,,12479,3.492398311255548,
110,,,,12489,3.387194198361781,
110,,,,12499,2.906578422629384,
110,,,,12509,2.958120762302321,
110,,,,12519,3.5164630196372015,
110,,,,12529,3.325680031805034,
110,,,,12539,3.063527385224849,
110,0.010987955145537853,0.04058621642343323,0.03250037878751755,12542,,0.0840745535974912
111,,,,12549,3.4186875743958054,
111,,,,12559,3.038279032034686,
111,,,,12569,3.1627135540123557,
111,,,,12579,3.1150258800409945,
111,,,,12589,3.0774895661255277,
111,,,,12599,3.294040991125686,
111,,,,12609,3.032599075804352,
111,,,,12619,3.1273766256089894,
111,,,,12629,3.2524767101113192,
111,,,,12639,3.3201935833882135,
111,,,,12649,3.5310858800722054,
111,0.013464696705341339,0.03669206436966049,0.036009129136800766,12655,,0.08616588440034974
112,,,,12659,3.279453530293911,
112,,,,12669,3.4591075283964767,
112,,,,12679,3.1935446557031835,
112,,,,12689,3.0835033773470504,
112,,,,12699,3.0697057009153657,
112,,,,12709,3.285122012894065,
112,,,,12719,3.4694545172377045,
112,,,,12729,3.3600405359017,
112,,,,12739,3.2350947145499,
112,,,,12749,3.0357254302277457,
112,,,,12759,3.0709084719273285,
112,0.010548468679189682,0.03607745888288087,0.027642536908388138,12768,,0.0742684658488161
113,,,,12769,3.224749244226472,
113,,,,12779,3.2285226538967606,
113,,,,12789,3.138080804291411,
113,,,,12799,3.2657171549603947,
113,,,,12809,3.3501119612836705,
113,,,,12819,3.1095651695071482,
113,,,,12829,3.3898707002611657,
113,,,,12839,3.0377436765033554,
113,,,,12849,3.211121262550619,
113,,,,12859,3.2719421097606762,
113,,,,12869,3.1190190689654442,
113,,,,12879,3.3998101184030967,
113,0.012613499537110329,0.028250363995144002,0.03448183462023735,12881,,0.07534569729567492
